ST0330,Desktop,thomas.okubo
ST0322,Desktop,matheus.martins
ST0320,Desktop,ruan.santos
ST0319,Desktop,leandro.santos
ST0317,Notebooks,larissa.valera
ST0310,Notebooks,murilo.camargo
ST0309,Notebooks,gabriel.aguiar
ST0272,Notebooks,
ST0257,Desktop,
ST0256,Desktop,
ST0303,Notebooks,laize.santos
ST0296,Notebooks,guilherme.goncalves
ST0137,Desktop,sara.araujo
ST0242,Desktop,
ST0292,Notebooks,geovani.santos
ST0291,Notebooks,william.pereira
ST0290,Notebooks,marcelo.tozin
ST0283,Desktop,leandro.pivovar
ST0021,Desktop,
ST0020,Desktop,
ST0273,Desktop,
ST0195,Desktop,kauan.rocha
ST0014,Desktop,lucas.diego
ST0089,Desktop,ester.callegaro
ST0200,Desktop,marcos.raposo
ST0032,Desktop,matheus.iarek
ST0260,Desktop,
ST0024,Desktop,hamilton.rizzardi
ST0025,Desktop,jayana.barbosa
ST0228,Desktop,leonardo.machado
ST0224,Desktop,henrique.makuch
ST0013,Desktop,brayan.padilha
ST0219,Desktop,laize.santos
ST0234,Desktop,
ST0214,Desktop,rafael.zelak
ST0206,Desktop,guilherme.loureiro
ST0202,Desktop,maria.rodrigues
ST0211,Desktop,matheus.paraiba
ST0015,Desktop,marlon.marques
ST0192,Desktop,gabriel.moura
ST0184,Desktop,isadora.valerio
ST0018,Desktop,paulo.filho
ST0177,Desktop,paulo.junior
ST0175,Desktop,andre.santos
ST0017,Desktop,victor.menezes
ST0165,Desktop,sadrack.lima
ST0164,Desktop,esdras.camilo
ST0160,Desktop,felipe.munhoz
ST0156,Desktop,diogo.goncalves
ST0154,Desktop,matheus.breder
ST0148,Desktop,jaqueline.pereira
ST0144,Desktop,leticia.massaneiro
ST0143,Desktop,rislayne.camargo
ST0006,Desktop,matheus.alves
ST0130,Desktop,thonne.cleiton
ST0023,Desktop,
ST0022,Desktop,
ST0187,Desktop,murilo.mazur
ST0127,Desktop,nathan.morais
ST0231,Desktop,gabriel.benitez
ST0005,Desktop,mateus.lima
ST0009,Desktop,luiz.denkil
ST0107,Desktop,felipe.macedo
ST0016,Desktop,rodrigo.buiar
ST0101,Desktop,igor.bichibichi
ST0004,Desktop,victor.cals
ST0072,Desktop,raul.castelnou
ST0091,Desktop,kelly.souza
ST0007,Desktop,elton.santos
ST0044,Desktop,leonardo.holzmann
ST0027,Desktop,lucas.ribeiro
ST0041,Desktop,celton.rocha
ST0040,Desktop,rafael.henrique
ST0008,Desktop,gustavo.coelho
ST0052,Desktop,daniel.tararan
ST0011,Desktop,vanessa.trindade
ST0010,Desktop,luis.nascimento
ST0077,Desktop,gabriela.rodrigues
ST0125,Desktop,clemente.silva
ST0270,Notebooks,daniel.tararan
ST0268,Desktop,emerson.filho
ST0267,Desktop,gabriel.rangel
ST0208,Notebooks,ana.calixto
ST0128,Notebooks,
ST0171,Notebooks,
ST0012,Notebooks,camila.trindade
ST0002,Notebooks,aleir.junior
ST0136,Notebooks,isis.fraiz
ST0115,Notebooks,diego.cunha
ST0113,Notebooks,douglas.louteiro
ST0003,Notebooks,gylber.dhein
ST0001,Notebooks,thiago.costa
ST0079,Notebooks,leonardo.bittencourt
ST0080,Notebooks,patrick.freitas
ST0330,Desktop,thomas.okubo
ST0322,Desktop,matheus.martins
ST0320,Desktop,ruan.santos
ST0319,Desktop,leandro.santos
ST0317,Notebooks,larissa.valera
ST0310,Notebooks,murilo.camargo
ST0309,Notebooks,gabriel.aguiar
ST0272,Notebooks,
ST0257,Desktop,
ST0256,Desktop,
ST0303,Notebooks,laize.santos
ST0296,Notebooks,guilherme.goncalves
ST0137,Desktop,sara.araujo
ST0242,Desktop,
ST0292,Notebooks,geovani.santos
ST0291,Notebooks,william.pereira
ST0290,Notebooks,marcelo.tozin
ST0283,Desktop,leandro.pivovar
ST0021,Desktop,
ST0020,Desktop,
ST0273,Desktop,
ST0195,Desktop,kauan.rocha
ST0014,Desktop,lucas.diego
ST0089,Desktop,ester.callegaro
ST0200,Desktop,marcos.raposo
ST0032,Desktop,matheus.iarek
ST0260,Desktop,
ST0024,Desktop,hamilton.rizzardi
ST0025,Desktop,jayana.barbosa
ST0228,Desktop,leonardo.machado
ST0224,Desktop,henrique.makuch
ST0013,Desktop,brayan.padilha
ST0219,Desktop,laize.santos
ST0234,Desktop,
ST0214,Desktop,rafael.zelak
ST0206,Desktop,guilherme.loureiro
ST0202,Desktop,maria.rodrigues
ST0211,Desktop,matheus.paraiba
ST0015,Desktop,marlon.marques
ST0192,Desktop,gabriel.moura
ST0184,Desktop,isadora.valerio
ST0018,Desktop,paulo.filho
ST0177,Desktop,paulo.junior
ST0175,Desktop,andre.santos
ST0017,Desktop,victor.menezes
ST0165,Desktop,sadrack.lima
ST0164,Desktop,esdras.camilo
ST0160,Desktop,felipe.munhoz
ST0156,Desktop,diogo.goncalves
ST0154,Desktop,matheus.breder
ST0148,Desktop,jaqueline.pereira
ST0144,Desktop,leticia.massaneiro
ST0143,Desktop,rislayne.camargo
ST0006,Desktop,matheus.alves
ST0130,Desktop,thonne.cleiton
ST0023,Desktop,
ST0022,Desktop,
ST0187,Desktop,murilo.mazur
ST0127,Desktop,nathan.morais
ST0231,Desktop,gabriel.benitez
ST0005,Desktop,mateus.lima
ST0009,Desktop,luiz.denkil
ST0107,Desktop,felipe.macedo
ST0016,Desktop,rodrigo.buiar
ST0101,Desktop,igor.bichibichi
ST0004,Desktop,victor.cals
ST0072,Desktop,raul.castelnou
ST0091,Desktop,kelly.souza
ST0007,Desktop,elton.santos
ST0044,Desktop,leonardo.holzmann
ST0027,Desktop,lucas.ribeiro
ST0041,Desktop,celton.rocha
ST0040,Desktop,rafael.henrique
ST0008,Desktop,gustavo.coelho
ST0052,Desktop,daniel.tararan
ST0011,Desktop,vanessa.trindade
ST0010,Desktop,luis.nascimento
ST0077,Desktop,gabriela.rodrigues
ST0125,Desktop,clemente.silva
ST0270,Notebooks,daniel.tararan
ST0268,Desktop,emerson.filho
ST0267,Desktop,gabriel.rangel
ST0208,Notebooks,ana.calixto
ST0128,Notebooks,
ST0171,Notebooks,
ST0012,Notebooks,camila.trindade
ST0002,Notebooks,aleir.junior
ST0136,Notebooks,isis.fraiz
ST0115,Notebooks,diego.cunha
ST0113,Notebooks,douglas.louteiro
ST0003,Notebooks,gylber.dhein
ST0001,Notebooks,thiago.costa
ST0079,Notebooks,leonardo.bittencourt
ST0080,Notebooks,patrick.freitas
